,instance,id,m,t,val,time
0,gap1,0,5,15,326,5.011670112609863
1,gap1,1,5,15,317,5.0068323612213135
