,instance,id,m,t,val,time
0,c05100,0,5,100,1971,0.05194664001464844
1,c05200,0,5,200,3516,0.0947427749633789
2,c10100,0,10,100,1456,0.04487895965576172
3,c10200,0,10,200,2852,0.1905367374420166
4,c10400,0,10,400,5695,0.9435110092163086
5,c15900,0,15,900,13199,5.1875762939453125
6,c20100,0,20,100,1289,0.10768270492553711
7,c201600,0,20,1600,23615,29.07045888900757
8,c20200,0,20,200,2435,0.48171186447143555
9,c20400,0,20,400,4896,1.847872257232666
