,instance,id,m,t,val,time
0,gapd,1,5,200,13651,0.66426682472229
1,gapd,2,10,100,6792,0.640545129776001
2,gapd,3,10,200,13458,0.8407790660858154
3,gapd,4,20,100,6624,0.6273269653320312
4,gapd,5,20,200,14511,0.9633843898773193
