,instance,id,m,t,val,time
0,gapa,0,5,100,1703,10.103651762008667
1,gapa,1,5,200,3235,10.168569803237915
2,gapa,2,10,100,1363,10.09739351272583
3,gapa,3,10,200,2628,10.600110292434692
