Instance,Run_ID,Gen_0,Gen_1,Gen_2,Gen_3,Gen_4,Gen_5,Gen_6,Gen_7,Gen_8,Gen_9,Gen_10,Gen_11,Gen_12,Gen_13,Gen_14,Gen_15,Gen_16,Gen_17,Gen_18,Gen_19
gapa,1,2110,1700,1698,1698,1698,1698,1698,1698,5.209485054016113
gapa,2,4151,3235,3235,3235,3235,3235,3235,6.427354097366333
gapa,3,1835,1361,1360,1360,1360,1360,1360,1360,5.2191760540008545
gapa,4,3502,2625,2624,2623,2623,2623,2623,2623,2623,10.012259006500244
gapa,5,1654,1158,1158,1158,1158,1158,1158,5.708340883255005
gapa,6,3122,2347,2344,2344,2342,2342,2342,2342,2342,2341,2341,2340,2340,2340,2340,2340,2340,31.679276943206787
gapb,1,1935,1871,1869,1869,1869,1869,1858,1858,1858,1858,1858,1858,5.934035778045654
gapb,2,4310,3598,3598,3598,3598,3598,3594,3589,3589,3589,3589,3584,3584,3584,3584,3584,3584,10.708717107772827
gapb,3,1758,1415,1409,1409,1409,1409,1409,1409,4.5409321784973145
gapb,4,3620,2875,2873,2873,2873,2873,2873,2873,6.45091700553894
gapb,5,1477,1172,1172,1172,1172,1172,1172,5.992478132247925
gapb,6,2938,2358,2358,2358,2356,2356,2356,2356,2356,2356,15.715203762054443
gapc,1,2246,1955,1955,1951,1951,1947,1943,1942,1942,1942,1942,1942,1942,6.548046827316284
gapc,2,3957,3502,3491,3491,3491,3491,3491,3491,4.886812925338745
gapc,3,1738,1414,1414,1414,1414,1414,1414,3.7733118534088135
gapc,4,3422,2842,2842,2842,2840,2839,2839,2839,2839,2839,2839,8.24226713180542
gapc,5,1511,1255,1255,1255,1255,1255,1253,1253,1253,1253,1253,1253,7.500698089599609
gapc,6,3025,2420,2420,2420,2420,2420,2420,8.724450826644897
gapd,1,6846,6697,6683,6656,6656,6656,6656,6637,6637,6637,6637,6637,6637,61.81570315361023
gapd,2,14327,13588,13588,13588,13544,13544,13544,13544,13504,13504,13504,13504,13504,13504,8.87860107421875
gapd,3,8064,6729,6729,6729,6729,6729,6729,3.9250807762145996
gapd,4,15764,13389,13389,13389,13389,13389,13389,5.298872232437134
gapd,5,9334,6560,6560,6530,6530,6530,6530,6530,6530,6.422976970672607
gapd,6,17705,13207,13207,13207,13207,13207,13207,6.152385950088501
