Instance,Run_ID,Gen_0,Gen_1,Gen_2,Gen_3,Gen_4,Gen_5,Gen_6,Gen_7,Gen_8,Gen_9,Gen_10,Gen_11,Gen_12,Gen_13,Gen_14,Gen_15,Gen_16,Gen_17
gapa,1,2080,1700,1700,1698,1698,1698,1698,1698,1698,4.810794830322266
gapa,2,4134,3235,3235,3235,3235,3235,3235,4.706053733825684
gapa,3,1835,1361,1360,1360,1360,1360,1360,1360,4.827553033828735
gapa,4,3492,2625,2623,2623,2623,2623,2623,2623,8.166819095611572
gapa,5,1657,1158,1158,1158,1158,1158,1158,4.8910369873046875
gapa,6,3113,2347,2343,2343,2342,2340,2340,2339,2339,2339,2339,2339,2339,17.671839952468872
gapb,1,1938,1871,1871,1871,1871,1871,1871,3.063693046569824
gapb,2,4295,3589,3589,3589,3589,3589,3589,3.8840620517730713
gapb,3,1759,1415,1413,1413,1413,1411,1410,1410,1410,1409,1409,1409,1409,1409,1409,8.180259227752686
gapb,4,3611,2871,2871,2871,2871,2871,2871,5.040616989135742
gapb,5,1470,1172,1172,1172,1172,1170,1170,1170,1170,1170,1170,7.2246222496032715
gapb,6,2948,2351,2350,2350,2350,2350,2350,2350,7.942758083343506
gapc,1,2230,1955,1954,1954,1954,1943,1943,1943,1943,1943,1943,5.241663932800293
gapc,2,3966,3497,3496,3496,3494,3490,3490,3490,3490,3490,3490,6.732166290283203
gapc,3,1745,1422,1422,1422,1416,1416,1416,1416,1416,1416,5.249996185302734
gapc,4,3426,2844,2844,2836,2836,2836,2836,2836,2836,6.191699266433716
gapc,5,1511,1258,1258,1256,1256,1256,1256,1256,1256,5.217718839645386
gapc,6,3030,2424,2424,2424,2424,2424,2424,5.7425010204315186
gapd,1,6870,6697,6654,6654,6654,6654,6654,6654,44.71244406700134
gapd,2,14333,13576,13477,13477,13477,13477,13477,13476,13476,13476,13476,13476,13476,7.964112043380737
gapd,3,7951,6705,6705,6705,6705,6705,6705,3.825572967529297
gapd,4,15765,13368,13368,13368,13368,13368,13368,4.641573190689087
gapd,5,8957,6561,6513,6513,6513,6513,6513,6513,5.970920085906982
gapd,6,17814,13259,13234,13234,13234,13234,13234,13234,6.412467956542969
